Order Date,Region,State,Segment,Ship Mode,Category,Sub-Category,Sales,Profit
2022-01-01,Central,California,Corporate,Second Class,Furniture,Chairs,152.87,-2.15
2022-01-02,South,California,Home Office,Standard Class,Furniture,Tables,124.54,17.78
2022-01-03,East,California,Corporate,First Class,Office Supplies,Supplies,36.98,-8.01
2022-01-04,Central,Florida,Corporate,Standard Class,Technology,Accessories,528.35,-19.0
2022-01-05,Central,Washington,Home Office,First Class,Technology,Accessories,226.08,-2.33
2022-01-06,South,Florida,Consumer,Second Class,Technology,Phones,989.54,-170.82
2022-01-07,East,Washington,Home Office,Second Class,Furniture,Bookcases,578.69,-133.48
2022-01-08,East,Florida,Consumer,Second Class,Office Supplies,Supplies,146.51,29.57
2022-01-09,Central,Florida,Home Office,First Class,Technology,Accessories,691.87,1.02
2022-01-10,West,Texas,Home Office,Second Class,Office Supplies,Supplies,898.77,-261.88
2022-01-11,Central,Florida,Corporate,First Class,Furniture,Tables,747.73,135.93
2022-01-12,Central,New York,Consumer,Standard Class,Technology,Accessories,85.68,24.72
2022-01-13,Central,Texas,Corporate,First Class,Office Supplies,Binders,896.93,57.01
2022-01-14,Central,Florida,Consumer,Standard Class,Furniture,Chairs,795.99,1.77
2022-01-15,South,California,Home Office,First Class,Office Supplies,Binders,166.72,37.85
2022-01-16,East,New York,Home Office,Standard Class,Technology,Accessories,61.27,16.64
2022-01-17,South,New York,Consumer,Second Class,Technology,Copiers,561.74,85.79
2022-01-18,South,New York,Corporate,Standard Class,Furniture,Chairs,164.48,-5.38
2022-01-19,South,Texas,Corporate,Second Class,Furniture,Bookcases,836.25,46.27
2022-01-20,Central,Florida,Corporate,Second Class,Furniture,Chairs,364.75,43.97
2022-01-21,West,Florida,Corporate,Standard Class,Office Supplies,Binders,913.76,-167.62
2022-01-22,East,California,Home Office,First Class,Office Supplies,Paper,570.03,-18.06
2022-01-23,West,California,Home Office,First Class,Office Supplies,Binders,190.85,37.77
2022-01-24,South,New York,Home Office,Same Day,Furniture,Chairs,148.2,13.76
2022-01-25,South,California,Home Office,First Class,Technology,Accessories,580.71,-30.94
2022-01-26,West,Texas,Home Office,Same Day,Technology,Copiers,764.26,74.91
2022-01-27,West,Florida,Corporate,First Class,Office Supplies,Binders,783.69,-179.52
2022-01-28,West,New York,Corporate,First Class,Office Supplies,Paper,283.0,-16.73
2022-01-29,South,California,Corporate,Second Class,Technology,Phones,212.2,37.32
2022-01-30,South,Texas,Corporate,Same Day,Technology,Accessories,26.59,-4.46
2022-01-31,East,Texas,Home Office,First Class,Office Supplies,Supplies,682.41,-128.58
2022-02-01,East,California,Home Office,Same Day,Office Supplies,Supplies,85.8,23.21
2022-02-02,South,Florida,Home Office,Second Class,Technology,Accessories,426.55,-74.25
2022-02-03,West,California,Consumer,Second Class,Furniture,Tables,605.67,-86.88
2022-02-04,West,New York,Corporate,Same Day,Office Supplies,Paper,937.74,264.23
2022-02-05,East,California,Corporate,Second Class,Technology,Copiers,318.68,44.88
2022-02-06,South,Texas,Home Office,Standard Class,Technology,Phones,257.27,30.81
2022-02-07,East,California,Corporate,Standard Class,Technology,Copiers,657.62,139.25
2022-02-08,East,Florida,Corporate,Second Class,Technology,Accessories,623.05,-143.62
2022-02-09,Central,Washington,Home Office,Standard Class,Furniture,Tables,338.79,41.87
2022-02-10,Central,California,Consumer,First Class,Technology,Copiers,928.82,2.06
2022-02-11,Central,Florida,Consumer,Same Day,Office Supplies,Paper,846.41,167.16
2022-02-12,West,Florida,Consumer,First Class,Furniture,Bookcases,231.74,1.13
2022-02-13,South,Texas,Home Office,Same Day,Technology,Accessories,246.75,17.8
2022-02-14,South,Florida,Corporate,Second Class,Furniture,Chairs,517.18,-6.91
2022-02-15,South,Florida,Home Office,First Class,Office Supplies,Binders,775.84,-10.17
2022-02-16,South,Florida,Home Office,Second Class,Technology,Accessories,53.6,8.62
2022-02-17,Central,Florida,Corporate,Second Class,Office Supplies,Supplies,696.4,53.72
2022-02-18,West,New York,Consumer,Same Day,Technology,Phones,651.75,52.11
2022-02-19,West,New York,Consumer,Same Day,Technology,Copiers,239.17,-7.13
2022-02-20,Central,Texas,Home Office,Same Day,Technology,Accessories,684.54,12.78
2022-02-21,West,California,Consumer,First Class,Technology,Copiers,940.78,138.7
2022-02-22,Central,Florida,Home Office,Standard Class,Technology,Phones,56.32,11.01
2022-02-23,South,California,Home Office,Same Day,Furniture,Bookcases,326.46,38.5
2022-02-24,Central,California,Corporate,Same Day,Technology,Copiers,443.79,112.92
2022-02-25,South,Texas,Corporate,First Class,Technology,Accessories,900.27,173.03
2022-02-26,South,Florida,Corporate,Same Day,Furniture,Tables,962.64,35.73
2022-02-27,East,Florida,Home Office,First Class,Furniture,Tables,449.67,46.25
2022-02-28,Central,Washington,Corporate,Second Class,Furniture,Chairs,752.53,192.49
2022-03-01,East,California,Consumer,Same Day,Furniture,Chairs,536.34,38.35
2022-03-02,Central,California,Consumer,Same Day,Furniture,Tables,542.41,105.71
2022-03-03,Central,New York,Home Office,Second Class,Furniture,Tables,285.32,32.32
2022-03-04,East,Washington,Home Office,Second Class,Technology,Phones,224.79,7.0
2022-03-05,East,New York,Corporate,Second Class,Technology,Phones,295.13,-45.71
2022-03-06,Central,New York,Home Office,Same Day,Office Supplies,Binders,560.76,-24.9
2022-03-07,West,New York,Home Office,Standard Class,Technology,Phones,38.86,10.91
2022-03-08,South,Texas,Consumer,Standard Class,Technology,Accessories,908.18,85.97
2022-03-09,East,Texas,Consumer,Standard Class,Furniture,Chairs,164.72,6.36
2022-03-10,South,New York,Corporate,Same Day,Furniture,Tables,227.89,59.2
2022-03-11,West,Washington,Home Office,Second Class,Technology,Copiers,523.09,27.15
2022-03-12,West,California,Home Office,Same Day,Office Supplies,Supplies,713.01,11.16
2022-03-13,West,Washington,Consumer,Second Class,Furniture,Chairs,104.77,16.3
2022-03-14,East,Florida,Home Office,Same Day,Technology,Copiers,324.52,41.41
2022-03-15,West,Texas,Consumer,Same Day,Technology,Copiers,968.99,-178.39
2022-03-16,East,California,Corporate,Second Class,Office Supplies,Supplies,269.72,-4.64
2022-03-17,West,California,Consumer,Standard Class,Office Supplies,Binders,319.92,-5.28
2022-03-18,South,Florida,Home Office,Second Class,Furniture,Chairs,838.13,-61.24
2022-03-19,South,Florida,Corporate,First Class,Office Supplies,Supplies,59.71,0.62
2022-03-20,Central,New York,Consumer,First Class,Technology,Accessories,469.97,-24.5
2022-03-21,South,Texas,Consumer,Second Class,Technology,Copiers,385.82,-69.6
2022-03-22,Central,Texas,Corporate,Same Day,Office Supplies,Binders,323.42,-17.01
2022-03-23,South,Washington,Corporate,First Class,Office Supplies,Binders,292.84,-75.15
2022-03-24,East,New York,Consumer,First Class,Office Supplies,Binders,100.46,4.57
2022-03-25,South,New York,Home Office,Same Day,Office Supplies,Supplies,321.68,68.26
2022-03-26,Central,New York,Consumer,Same Day,Furniture,Tables,52.62,7.11
2022-03-27,Central,New York,Corporate,Standard Class,Office Supplies,Binders,783.15,-65.6
2022-03-28,West,Texas,Consumer,Same Day,Furniture,Chairs,404.25,-100.16
2022-03-29,East,Texas,Corporate,Second Class,Technology,Copiers,449.46,-80.32
2022-03-30,South,New York,Corporate,Second Class,Office Supplies,Paper,894.66,24.42
2022-03-31,West,Washington,Home Office,Standard Class,Furniture,Bookcases,661.47,-116.26
2022-04-01,South,California,Corporate,First Class,Office Supplies,Binders,17.98,0.47
2022-04-02,South,California,Corporate,First Class,Technology,Accessories,943.74,-151.98
2022-04-03,West,Washington,Home Office,Same Day,Technology,Accessories,244.77,51.24
2022-04-04,West,New York,Corporate,Second Class,Technology,Phones,116.54,-7.18
2022-04-05,West,Texas,Home Office,First Class,Office Supplies,Paper,770.45,-117.62
2022-04-06,West,California,Home Office,Standard Class,Office Supplies,Paper,505.47,94.72
2022-04-07,West,Florida,Corporate,Standard Class,Furniture,Bookcases,439.43,-41.44
2022-04-08,South,Florida,Corporate,Second Class,Technology,Phones,257.01,-59.91
2022-04-09,West,Washington,Consumer,Standard Class,Office Supplies,Binders,552.0,23.32
2022-04-10,East,New York,Home Office,Standard Class,Technology,Phones,281.64,13.78
2022-04-11,Central,California,Consumer,Second Class,Technology,Phones,902.57,116.27
2022-04-12,West,New York,Corporate,Same Day,Furniture,Chairs,223.05,-34.77
2022-04-13,West,California,Consumer,Same Day,Furniture,Tables,885.51,-29.87
2022-04-14,South,Washington,Home Office,Standard Class,Furniture,Bookcases,563.81,-73.62
2022-04-15,West,Washington,Consumer,Same Day,Furniture,Chairs,830.2,-208.74
2022-04-16,West,Florida,Home Office,Same Day,Technology,Copiers,715.72,161.73
2022-04-17,West,New York,Corporate,Standard Class,Furniture,Bookcases,699.73,96.09
2022-04-18,South,Florida,Corporate,Same Day,Furniture,Tables,331.1,-39.44
2022-04-19,West,New York,Home Office,Standard Class,Furniture,Chairs,241.56,14.4
2022-04-20,Central,Florida,Corporate,First Class,Furniture,Tables,218.78,-39.21
2022-04-21,South,Texas,Corporate,Second Class,Technology,Phones,858.62,201.04
2022-04-22,Central,Texas,Corporate,Second Class,Furniture,Tables,822.22,-189.98
2022-04-23,South,Texas,Corporate,Same Day,Technology,Copiers,446.17,-132.82
2022-04-24,West,Texas,Home Office,Same Day,Office Supplies,Binders,141.08,0.17
2022-04-25,Central,California,Consumer,Same Day,Technology,Copiers,388.43,19.37
2022-04-26,South,Texas,Consumer,Second Class,Technology,Copiers,623.15,29.52
2022-04-27,East,Washington,Corporate,First Class,Furniture,Tables,459.86,-122.92
2022-04-28,West,Washington,Consumer,First Class,Office Supplies,Binders,782.39,-87.29
2022-04-29,South,California,Consumer,Second Class,Office Supplies,Supplies,997.65,-0.48
2022-04-30,East,Texas,Corporate,First Class,Office Supplies,Paper,199.22,-33.88
2022-05-01,South,Texas,Corporate,Second Class,Office Supplies,Binders,465.05,103.97
2022-05-02,East,Texas,Consumer,First Class,Technology,Phones,436.67,-108.18
2022-05-03,West,Florida,Home Office,Standard Class,Office Supplies,Supplies,311.45,-2.36
2022-05-04,Central,New York,Corporate,Standard Class,Technology,Phones,206.11,23.67
2022-05-05,East,Florida,Home Office,Second Class,Technology,Copiers,75.04,-10.73
2022-05-06,South,New York,Consumer,First Class,Technology,Phones,888.25,66.21
2022-05-07,West,Texas,Corporate,Same Day,Office Supplies,Paper,425.65,84.12
2022-05-08,East,Texas,Home Office,First Class,Furniture,Bookcases,501.93,-93.26
2022-05-09,South,Florida,Corporate,Standard Class,Furniture,Bookcases,917.77,229.75
2022-05-10,South,Florida,Consumer,Standard Class,Office Supplies,Binders,778.53,25.02
2022-05-11,South,New York,Home Office,First Class,Furniture,Chairs,139.2,-16.77
2022-05-12,East,Washington,Consumer,First Class,Furniture,Bookcases,569.77,-23.64
2022-05-13,East,New York,Consumer,Same Day,Technology,Phones,447.83,-50.46
2022-05-14,East,Florida,Corporate,Same Day,Technology,Accessories,799.24,107.95
2022-05-15,Central,Florida,Home Office,First Class,Office Supplies,Binders,726.99,129.24
2022-05-16,East,California,Consumer,First Class,Office Supplies,Paper,693.5,138.54
2022-05-17,East,Florida,Consumer,First Class,Furniture,Tables,347.14,101.18
2022-05-18,East,California,Home Office,First Class,Technology,Accessories,806.91,141.02
2022-05-19,Central,Washington,Consumer,Second Class,Office Supplies,Paper,61.87,3.76
2022-05-20,East,New York,Consumer,First Class,Office Supplies,Paper,168.03,-16.21
2022-05-21,South,New York,Home Office,Same Day,Office Supplies,Binders,342.27,9.16
2022-05-22,East,California,Home Office,Standard Class,Office Supplies,Paper,86.04,-23.69
2022-05-23,South,New York,Home Office,Second Class,Office Supplies,Binders,242.64,35.64
2022-05-24,South,Florida,Home Office,First Class,Office Supplies,Paper,831.85,-26.97
2022-05-25,South,Texas,Corporate,Standard Class,Furniture,Bookcases,948.77,-273.23
2022-05-26,Central,California,Home Office,Second Class,Technology,Accessories,311.56,-81.78
2022-05-27,Central,New York,Corporate,Standard Class,Technology,Copiers,271.87,-18.36
2022-05-28,Central,California,Corporate,First Class,Office Supplies,Paper,287.09,14.37
2022-05-29,East,California,Corporate,First Class,Technology,Accessories,284.94,-6.12
2022-05-30,South,Texas,Consumer,Same Day,Technology,Accessories,45.57,3.26
2022-05-31,Central,Florida,Corporate,First Class,Technology,Copiers,927.65,-10.97
2022-06-01,Central,California,Corporate,First Class,Office Supplies,Supplies,221.56,21.5
2022-06-02,East,New York,Consumer,Second Class,Office Supplies,Paper,425.8,-71.76
2022-06-03,Central,Washington,Consumer,Same Day,Technology,Phones,19.59,-4.55
2022-06-04,East,California,Consumer,Second Class,Technology,Accessories,859.38,49.72
2022-06-05,West,California,Home Office,Standard Class,Office Supplies,Supplies,733.85,-6.74
2022-06-06,Central,Texas,Consumer,First Class,Furniture,Tables,947.29,-268.92
2022-06-07,West,Florida,Consumer,Standard Class,Technology,Copiers,783.8,-56.21
2022-06-08,East,Washington,Corporate,Second Class,Furniture,Bookcases,320.57,-75.76
2022-06-09,South,New York,Consumer,First Class,Technology,Copiers,255.39,4.8
2022-06-10,Central,Washington,Home Office,First Class,Furniture,Tables,700.74,-43.82
2022-06-11,East,New York,Consumer,Second Class,Furniture,Bookcases,370.47,25.15
2022-06-12,South,Florida,Home Office,Second Class,Furniture,Bookcases,570.55,104.62
2022-06-13,South,New York,Consumer,Second Class,Office Supplies,Paper,16.19,-1.95
2022-06-14,West,Texas,Consumer,Second Class,Furniture,Bookcases,71.27,19.76
2022-06-15,East,Texas,Consumer,Second Class,Furniture,Tables,540.01,11.55
2022-06-16,South,Texas,Consumer,First Class,Furniture,Bookcases,570.41,40.48
2022-06-17,Central,Texas,Home Office,Second Class,Technology,Phones,753.94,81.73
2022-06-18,Central,Washington,Home Office,First Class,Furniture,Chairs,140.65,14.07
2022-06-19,West,Florida,Corporate,First Class,Technology,Copiers,518.05,3.41
2022-06-20,South,New York,Home Office,Second Class,Furniture,Chairs,202.5,-8.66
2022-06-21,East,New York,Consumer,Second Class,Furniture,Tables,102.26,-27.38
2022-06-22,Central,Texas,Corporate,Same Day,Office Supplies,Binders,416.39,-119.4
2022-06-23,South,Texas,Corporate,First Class,Technology,Copiers,171.7,-14.63
2022-06-24,South,California,Corporate,Second Class,Furniture,Bookcases,229.56,-22.91
2022-06-25,West,Florida,Consumer,Second Class,Technology,Accessories,324.38,-21.86
2022-06-26,Central,Washington,Home Office,Second Class,Technology,Copiers,266.79,-57.89
2022-06-27,Central,New York,Consumer,Same Day,Office Supplies,Paper,96.72,13.82
2022-06-28,East,California,Corporate,Same Day,Office Supplies,Binders,99.02,21.21
2022-06-29,Central,California,Consumer,Standard Class,Office Supplies,Binders,201.32,52.99
2022-06-30,East,New York,Consumer,First Class,Office Supplies,Paper,60.05,-0.28
2022-07-01,Central,Washington,Home Office,Standard Class,Office Supplies,Paper,630.19,75.95
2022-07-02,West,California,Home Office,Second Class,Office Supplies,Supplies,294.45,62.82
2022-07-03,Central,California,Corporate,Same Day,Office Supplies,Binders,286.95,-14.07
2022-07-04,East,Florida,Consumer,Same Day,Office Supplies,Paper,338.68,-38.73
2022-07-05,East,Washington,Consumer,Standard Class,Furniture,Chairs,666.17,174.56
2022-07-06,West,California,Home Office,Same Day,Technology,Accessories,871.93,8.2
2022-07-07,Central,Washington,Consumer,Second Class,Office Supplies,Binders,761.5,-1.25
2022-07-08,Central,New York,Consumer,Same Day,Office Supplies,Supplies,730.25,-140.9
2022-07-09,West,Texas,Consumer,Standard Class,Technology,Phones,489.55,-115.1
2022-07-10,Central,California,Home Office,Second Class,Furniture,Chairs,696.87,143.04
2022-07-11,Central,Florida,Corporate,Standard Class,Technology,Phones,557.23,38.16
2022-07-12,East,New York,Corporate,Same Day,Technology,Phones,224.09,-23.42
2022-07-13,Central,Washington,Consumer,Standard Class,Office Supplies,Binders,216.5,-40.04
2022-07-14,Central,New York,Corporate,Standard Class,Technology,Copiers,303.43,10.1
2022-07-15,West,California,Home Office,First Class,Technology,Accessories,911.69,45.91
2022-07-16,West,Washington,Home Office,Same Day,Office Supplies,Binders,551.94,-97.03
2022-07-17,South,Texas,Corporate,Same Day,Office Supplies,Supplies,736.57,155.3
2022-07-18,East,New York,Corporate,Standard Class,Office Supplies,Binders,353.09,-88.08
2022-07-19,Central,California,Consumer,First Class,Office Supplies,Binders,413.64,-35.72
2022-07-20,Central,Florida,Corporate,Same Day,Technology,Accessories,134.31,14.54
2022-07-21,South,Washington,Consumer,Second Class,Technology,Phones,179.58,-24.34
2022-07-22,Central,New York,Consumer,Standard Class,Furniture,Bookcases,829.08,163.0
2022-07-23,East,New York,Home Office,Same Day,Furniture,Bookcases,588.99,84.77
2022-07-24,South,Texas,Home Office,Second Class,Technology,Accessories,344.16,59.68
2022-07-25,East,Texas,Home Office,Same Day,Furniture,Chairs,804.82,-183.93
2022-07-26,South,Florida,Home Office,Second Class,Technology,Copiers,254.05,-54.79
2022-07-27,South,Florida,Corporate,Standard Class,Furniture,Chairs,976.27,-125.08
2022-07-28,West,California,Home Office,Same Day,Office Supplies,Binders,351.37,3.81
2022-07-29,East,California,Corporate,Same Day,Furniture,Chairs,343.94,51.18
2022-07-30,Central,Florida,Home Office,First Class,Office Supplies,Paper,318.79,64.37
2022-07-31,Central,Florida,Corporate,Standard Class,Office Supplies,Binders,130.89,16.05
2022-08-01,East,Washington,Consumer,Second Class,Office Supplies,Supplies,120.03,30.87
2022-08-02,Central,Texas,Corporate,Same Day,Office Supplies,Binders,651.62,93.34
2022-08-03,Central,California,Corporate,Same Day,Furniture,Bookcases,876.37,-101.87
2022-08-04,East,Texas,Home Office,Second Class,Technology,Phones,792.62,-111.72
2022-08-05,South,Texas,Corporate,Standard Class,Office Supplies,Supplies,149.7,17.62
2022-08-06,East,Florida,Consumer,First Class,Furniture,Bookcases,550.13,-101.38
2022-08-07,South,Washington,Consumer,First Class,Office Supplies,Binders,114.54,-27.99
2022-08-08,Central,New York,Home Office,Same Day,Furniture,Chairs,54.84,1.06
2022-08-09,Central,Washington,Consumer,Second Class,Furniture,Bookcases,659.82,127.34
2022-08-10,Central,Washington,Corporate,Same Day,Furniture,Tables,539.8,-129.11
2022-08-11,West,Texas,Consumer,Second Class,Technology,Phones,91.2,15.97
2022-08-12,South,Washington,Home Office,First Class,Furniture,Tables,44.59,8.34
2022-08-13,West,California,Corporate,Standard Class,Furniture,Chairs,989.86,-10.53
2022-08-14,West,Texas,Home Office,Second Class,Technology,Phones,39.72,-10.55
2022-08-15,East,California,Corporate,First Class,Technology,Phones,450.08,-87.88
2022-08-16,West,New York,Consumer,Same Day,Furniture,Chairs,509.57,63.42
2022-08-17,East,Texas,Home Office,Second Class,Technology,Accessories,126.11,16.02
2022-08-18,East,New York,Home Office,Standard Class,Office Supplies,Binders,177.37,42.39
2022-08-19,West,Texas,Corporate,Same Day,Office Supplies,Supplies,358.29,17.78
2022-08-20,South,Florida,Home Office,Same Day,Technology,Copiers,764.06,-172.32
2022-08-21,South,Washington,Corporate,First Class,Technology,Accessories,512.01,-116.3
2022-08-22,South,Florida,Corporate,Second Class,Furniture,Chairs,641.52,85.12
2022-08-23,South,New York,Corporate,Same Day,Technology,Copiers,985.32,-186.94
2022-08-24,South,Washington,Corporate,Standard Class,Furniture,Tables,770.33,-79.32
2022-08-25,West,Texas,Consumer,Second Class,Office Supplies,Binders,440.02,-3.38
2022-08-26,West,Washington,Corporate,Standard Class,Technology,Copiers,451.98,-128.88
2022-08-27,Central,California,Home Office,Same Day,Furniture,Bookcases,622.58,-93.83
2022-08-28,South,Washington,Consumer,Standard Class,Furniture,Tables,668.71,-36.96
2022-08-29,West,California,Home Office,First Class,Office Supplies,Binders,505.7,-66.86
2022-08-30,Central,Washington,Consumer,Standard Class,Technology,Phones,648.41,-141.47
2022-08-31,South,California,Corporate,Second Class,Office Supplies,Supplies,33.3,4.56
2022-09-01,East,New York,Consumer,Standard Class,Furniture,Bookcases,435.33,81.79
2022-09-02,Central,Florida,Consumer,Standard Class,Furniture,Bookcases,286.15,-41.64
2022-09-03,West,Texas,Home Office,First Class,Technology,Phones,137.88,22.7
2022-09-04,East,Washington,Home Office,Standard Class,Furniture,Tables,108.55,-7.45
2022-09-05,East,Florida,Corporate,Standard Class,Technology,Accessories,607.16,2.44
2022-09-06,East,Texas,Consumer,Same Day,Office Supplies,Binders,528.36,112.86
2022-09-07,Central,Texas,Consumer,Same Day,Technology,Accessories,261.05,39.15
2022-09-08,West,California,Consumer,Second Class,Technology,Copiers,476.24,87.19
2022-09-09,East,New York,Corporate,Same Day,Furniture,Tables,497.31,-108.36
2022-09-10,South,New York,Corporate,Same Day,Furniture,Tables,203.06,-52.42
2022-09-11,East,Florida,Corporate,Same Day,Technology,Accessories,655.57,154.74
2022-09-12,East,New York,Corporate,Same Day,Furniture,Bookcases,783.11,-52.7
2022-09-13,Central,Washington,Corporate,First Class,Furniture,Chairs,793.55,-101.0
2022-09-14,Central,New York,Home Office,Same Day,Furniture,Bookcases,606.45,81.76
2022-09-15,West,Florida,Consumer,First Class,Technology,Phones,516.52,104.26
2022-09-16,South,New York,Consumer,First Class,Furniture,Chairs,70.4,15.31
2022-09-17,Central,Washington,Consumer,Same Day,Technology,Phones,294.95,-32.56
2022-09-18,East,California,Consumer,Standard Class,Furniture,Tables,102.34,21.63
2022-09-19,West,Florida,Consumer,First Class,Office Supplies,Paper,964.18,-265.57
2022-09-20,East,California,Consumer,Standard Class,Furniture,Chairs,143.73,-38.84
2022-09-21,East,California,Consumer,Standard Class,Furniture,Chairs,160.26,11.88
2022-09-22,Central,California,Consumer,Same Day,Technology,Accessories,890.68,-233.48
2022-09-23,West,Texas,Home Office,Second Class,Technology,Copiers,944.49,-99.39
2022-09-24,South,Texas,Consumer,Same Day,Furniture,Chairs,768.17,79.62
2022-09-25,South,California,Home Office,Second Class,Office Supplies,Supplies,15.35,-1.5
2022-09-26,Central,Florida,Corporate,Second Class,Furniture,Tables,11.33,-2.18
2022-09-27,Central,Washington,Consumer,Same Day,Furniture,Chairs,384.32,-50.42
2022-09-28,West,Washington,Corporate,Same Day,Office Supplies,Supplies,151.96,-3.87
2022-09-29,South,New York,Corporate,Second Class,Technology,Copiers,28.2,-0.42
2022-09-30,South,Florida,Corporate,Same Day,Furniture,Bookcases,469.43,79.71
2022-10-01,South,Texas,Home Office,Second Class,Technology,Accessories,943.63,141.63
2022-10-02,East,California,Corporate,Standard Class,Technology,Accessories,330.58,-8.57
2022-10-03,South,New York,Corporate,Same Day,Office Supplies,Supplies,664.53,137.82
2022-10-04,East,Washington,Corporate,Standard Class,Office Supplies,Supplies,655.71,-151.77
2022-10-05,West,Texas,Consumer,First Class,Technology,Accessories,258.57,-37.95
2022-10-06,East,Texas,Consumer,Standard Class,Furniture,Bookcases,653.92,128.68
2022-10-07,West,California,Home Office,Standard Class,Technology,Copiers,220.21,-16.12
2022-10-08,South,Washington,Home Office,Second Class,Furniture,Tables,130.79,37.76
2022-10-09,South,Florida,Consumer,Standard Class,Furniture,Bookcases,704.37,-14.26
2022-10-10,West,Texas,Home Office,Same Day,Office Supplies,Supplies,122.31,21.42
2022-10-11,Central,California,Consumer,Second Class,Furniture,Bookcases,996.94,-58.44
2022-10-12,West,Florida,Corporate,First Class,Furniture,Tables,191.62,-8.63
2022-10-13,Central,Washington,Corporate,Same Day,Technology,Copiers,598.2,-42.04
2022-10-14,East,Texas,Home Office,First Class,Office Supplies,Paper,417.26,54.85
2022-10-15,East,Florida,Consumer,Standard Class,Furniture,Tables,135.12,3.85
2022-10-16,East,Florida,Consumer,Same Day,Furniture,Chairs,37.57,10.0
2022-10-17,South,Florida,Home Office,Same Day,Office Supplies,Binders,626.5,-93.64
2022-10-18,East,Texas,Consumer,First Class,Technology,Copiers,808.69,-193.81
2022-10-19,Central,Texas,Corporate,Same Day,Office Supplies,Paper,843.6,-54.03
2022-10-20,East,New York,Home Office,Same Day,Office Supplies,Binders,487.89,34.17
2022-10-21,West,Washington,Home Office,Same Day,Furniture,Bookcases,779.68,168.78
2022-10-22,West,California,Consumer,Standard Class,Furniture,Chairs,676.12,-62.39
2022-10-23,South,Florida,Home Office,First Class,Technology,Phones,727.01,67.08
2022-10-24,West,New York,Consumer,Same Day,Furniture,Tables,497.67,-44.73
2022-10-25,Central,California,Consumer,Second Class,Furniture,Tables,637.08,44.81
2022-10-26,East,New York,Consumer,Second Class,Office Supplies,Binders,807.47,186.43
2022-10-27,South,Texas,Consumer,Second Class,Furniture,Chairs,403.91,-65.1
2022-10-28,East,Florida,Consumer,Second Class,Technology,Accessories,807.92,-46.42
2022-10-29,East,California,Home Office,Standard Class,Office Supplies,Supplies,596.1,176.42
2022-10-30,Central,California,Corporate,Same Day,Technology,Accessories,174.24,38.53
2022-10-31,West,California,Corporate,First Class,Office Supplies,Binders,34.44,1.34
2022-11-01,West,California,Home Office,Same Day,Furniture,Bookcases,369.13,3.68
2022-11-02,East,California,Home Office,Standard Class,Office Supplies,Binders,551.23,-71.24
2022-11-03,South,New York,Corporate,Second Class,Office Supplies,Supplies,841.42,8.69
2022-11-04,West,Florida,Corporate,Standard Class,Furniture,Chairs,136.21,28.46
2022-11-05,South,Texas,Corporate,Same Day,Furniture,Bookcases,802.2,89.13
2022-11-06,West,Texas,Corporate,First Class,Technology,Copiers,864.38,-108.89
2022-11-07,South,Texas,Corporate,Standard Class,Technology,Phones,159.18,-28.51
2022-11-08,Central,Texas,Consumer,First Class,Furniture,Bookcases,853.08,-120.18
2022-11-09,South,New York,Home Office,Standard Class,Furniture,Tables,991.54,-196.47
2022-11-10,Central,Washington,Consumer,First Class,Furniture,Chairs,729.57,-177.01
2022-11-11,Central,Florida,Corporate,First Class,Office Supplies,Paper,786.92,-38.18
2022-11-12,South,California,Corporate,Second Class,Office Supplies,Binders,994.47,-230.74
2022-11-13,Central,Washington,Corporate,First Class,Office Supplies,Supplies,609.43,-119.97
2022-11-14,East,Texas,Consumer,Second Class,Furniture,Bookcases,314.81,8.94
2022-11-15,Central,Washington,Consumer,Same Day,Technology,Copiers,839.16,-168.87
2022-11-16,West,Florida,Corporate,Same Day,Furniture,Chairs,618.34,-161.8
2022-11-17,South,California,Consumer,Second Class,Office Supplies,Paper,585.38,-64.14
2022-11-18,East,California,Consumer,Second Class,Office Supplies,Paper,261.1,-43.81
2022-11-19,South,Florida,Corporate,Standard Class,Furniture,Chairs,758.77,6.97
2022-11-20,West,Florida,Consumer,Standard Class,Furniture,Chairs,90.85,-21.67
2022-11-21,West,Texas,Home Office,Standard Class,Office Supplies,Paper,925.04,139.74
2022-11-22,West,California,Home Office,Same Day,Office Supplies,Paper,332.57,81.06
2022-11-23,Central,Washington,Home Office,Standard Class,Office Supplies,Paper,136.5,19.94
2022-11-24,Central,New York,Home Office,First Class,Furniture,Tables,447.94,8.82
2022-11-25,South,New York,Corporate,First Class,Office Supplies,Binders,52.05,11.26
2022-11-26,South,Florida,Corporate,Standard Class,Office Supplies,Binders,687.78,80.44
2022-11-27,East,Texas,Corporate,First Class,Technology,Copiers,903.68,-265.38
2022-11-28,East,New York,Home Office,Same Day,Furniture,Tables,838.89,-53.31
2022-11-29,South,California,Home Office,First Class,Technology,Copiers,136.1,28.66
2022-11-30,Central,Florida,Consumer,Same Day,Technology,Phones,135.01,-12.49
2022-12-01,West,Washington,Consumer,Second Class,Office Supplies,Binders,815.3,-227.36
2022-12-02,South,Florida,Home Office,Second Class,Furniture,Bookcases,925.01,136.63
2022-12-03,East,Washington,Home Office,Second Class,Office Supplies,Paper,466.06,84.46
2022-12-04,Central,Florida,Home Office,Second Class,Furniture,Tables,503.98,-102.63
2022-12-05,South,Florida,Home Office,First Class,Technology,Accessories,325.08,7.28
2022-12-06,South,Florida,Consumer,Standard Class,Furniture,Tables,895.32,-165.48
2022-12-07,Central,Washington,Home Office,First Class,Office Supplies,Supplies,648.45,85.3
2022-12-08,South,Washington,Consumer,Same Day,Office Supplies,Supplies,295.37,-40.49
2022-12-09,Central,Florida,Home Office,First Class,Office Supplies,Binders,305.8,-33.72
2022-12-10,West,New York,Home Office,First Class,Furniture,Tables,892.29,184.69
2022-12-11,Central,Texas,Home Office,Same Day,Technology,Accessories,23.5,-0.33
2022-12-12,Central,Texas,Consumer,Second Class,Technology,Accessories,329.5,33.56
2022-12-13,Central,Texas,Consumer,Second Class,Furniture,Bookcases,558.81,-32.73
2022-12-14,South,Washington,Corporate,Second Class,Office Supplies,Paper,156.74,-19.0
2022-12-15,South,Washington,Home Office,Standard Class,Technology,Copiers,101.18,7.62
2022-12-16,Central,New York,Corporate,Same Day,Office Supplies,Paper,817.12,-169.21
2022-12-17,South,Texas,Corporate,Same Day,Furniture,Tables,895.46,-68.23
2022-12-18,East,Texas,Consumer,First Class,Office Supplies,Binders,825.37,-144.09
2022-12-19,East,Florida,Consumer,Standard Class,Technology,Accessories,899.8,105.71
2022-12-20,South,Washington,Corporate,Second Class,Technology,Accessories,557.58,148.61
2022-12-21,South,Texas,Home Office,Standard Class,Office Supplies,Binders,814.14,242.05
2022-12-22,Central,New York,Consumer,Same Day,Furniture,Bookcases,390.2,-11.64
2022-12-23,West,New York,Home Office,Same Day,Office Supplies,Supplies,669.61,-99.42
2022-12-24,South,Texas,Home Office,First Class,Furniture,Tables,988.95,-33.92
2022-12-25,East,Washington,Corporate,First Class,Office Supplies,Supplies,233.47,48.65
2022-12-26,Central,New York,Corporate,Same Day,Technology,Accessories,396.0,-69.85
2022-12-27,South,Florida,Corporate,Second Class,Furniture,Chairs,485.25,131.63
2022-12-28,East,New York,Corporate,Second Class,Furniture,Chairs,146.64,-13.91
2022-12-29,East,California,Consumer,Standard Class,Furniture,Tables,90.23,26.3
2022-12-30,West,California,Consumer,Same Day,Technology,Phones,831.43,168.92
2022-12-31,Central,Washington,Corporate,Same Day,Office Supplies,Binders,977.03,180.89
2023-01-01,Central,Texas,Consumer,Second Class,Technology,Accessories,410.68,-44.87
2023-01-02,West,Washington,Corporate,Second Class,Furniture,Tables,96.77,-28.52
2023-01-03,West,Washington,Home Office,Same Day,Office Supplies,Binders,75.15,-5.31
2023-01-04,Central,Washington,Home Office,First Class,Technology,Copiers,892.41,-106.12
2023-01-05,Central,Washington,Home Office,Same Day,Furniture,Bookcases,469.18,-130.23
2023-01-06,South,Florida,Corporate,Same Day,Furniture,Tables,326.83,1.05
2023-01-07,South,Florida,Home Office,Second Class,Technology,Accessories,481.7,-28.03
2023-01-08,West,New York,Consumer,Second Class,Technology,Copiers,325.12,26.25
2023-01-09,South,California,Home Office,First Class,Technology,Phones,494.15,35.93
2023-01-10,East,Washington,Home Office,First Class,Furniture,Bookcases,860.96,-195.91
2023-01-11,South,New York,Home Office,Standard Class,Technology,Copiers,596.38,170.67
2023-01-12,South,California,Consumer,Same Day,Furniture,Bookcases,697.71,-131.06
2023-01-13,East,Texas,Corporate,Second Class,Technology,Copiers,371.02,-12.18
2023-01-14,West,Florida,Consumer,First Class,Furniture,Tables,741.12,-5.28
2023-01-15,East,California,Corporate,Standard Class,Furniture,Tables,669.95,125.84
2023-01-16,South,Texas,Corporate,Standard Class,Office Supplies,Binders,128.37,-30.87
2023-01-17,West,California,Home Office,Second Class,Technology,Phones,576.92,-24.7
2023-01-18,South,Florida,Corporate,Second Class,Technology,Phones,264.18,20.37
2023-01-19,East,Florida,Consumer,Standard Class,Furniture,Chairs,806.05,-137.76
2023-01-20,East,New York,Consumer,First Class,Furniture,Bookcases,431.68,33.02
2023-01-21,South,Washington,Corporate,Standard Class,Furniture,Tables,994.74,252.86
2023-01-22,Central,California,Home Office,Same Day,Office Supplies,Paper,101.58,30.32
2023-01-23,Central,California,Home Office,Same Day,Office Supplies,Binders,782.54,-219.53
2023-01-24,East,Texas,Consumer,Second Class,Furniture,Chairs,676.96,-107.4
2023-01-25,East,Florida,Home Office,First Class,Technology,Copiers,769.82,-87.62
2023-01-26,Central,California,Corporate,First Class,Technology,Copiers,314.45,-19.03
2023-01-27,Central,Florida,Corporate,Same Day,Office Supplies,Binders,497.13,-76.88
2023-01-28,South,California,Consumer,Standard Class,Office Supplies,Paper,798.54,-142.07
2023-01-29,South,New York,Corporate,Second Class,Furniture,Tables,240.22,65.52
2023-01-30,Central,Washington,Consumer,Standard Class,Technology,Accessories,233.77,58.7
2023-01-31,South,California,Corporate,Standard Class,Furniture,Chairs,555.54,-151.0
2023-02-01,South,Florida,Consumer,Standard Class,Office Supplies,Paper,528.33,-51.1
2023-02-02,West,New York,Home Office,First Class,Technology,Copiers,289.44,-16.47
2023-02-03,South,California,Corporate,Same Day,Technology,Copiers,305.09,-47.77
2023-02-04,East,Texas,Corporate,First Class,Office Supplies,Binders,285.07,22.04
2023-02-05,South,Washington,Consumer,Same Day,Furniture,Bookcases,773.8,65.18
2023-02-06,South,California,Consumer,Second Class,Furniture,Chairs,655.38,137.83
2023-02-07,Central,New York,Corporate,Second Class,Technology,Accessories,834.09,120.54
2023-02-08,East,Texas,Consumer,Standard Class,Office Supplies,Paper,975.72,24.92
2023-02-09,South,New York,Corporate,Same Day,Technology,Accessories,479.42,44.18
2023-02-10,South,New York,Home Office,Same Day,Office Supplies,Supplies,76.03,-10.31
2023-02-11,West,Texas,Consumer,Same Day,Furniture,Chairs,57.61,3.22
2023-02-12,South,New York,Corporate,Standard Class,Office Supplies,Paper,302.71,-1.96
2023-02-13,South,Texas,Home Office,Standard Class,Furniture,Chairs,933.22,-205.3
2023-02-14,West,California,Home Office,Second Class,Office Supplies,Paper,527.98,-81.56
2023-02-15,Central,Texas,Corporate,First Class,Technology,Copiers,279.07,-34.88
2023-02-16,South,Texas,Consumer,Same Day,Furniture,Bookcases,405.18,103.15
2023-02-17,West,Washington,Corporate,Same Day,Technology,Phones,602.61,-97.48
2023-02-18,East,Texas,Home Office,First Class,Technology,Copiers,656.42,-83.01
2023-02-19,Central,Texas,Corporate,Same Day,Furniture,Bookcases,162.38,-12.73
2023-02-20,East,California,Consumer,Standard Class,Furniture,Chairs,977.26,96.01
2023-02-21,East,Washington,Home Office,Standard Class,Technology,Accessories,549.32,-125.83
2023-02-22,West,Florida,Corporate,Same Day,Technology,Copiers,144.33,39.31
2023-02-23,South,California,Consumer,Standard Class,Technology,Phones,894.7,196.25
2023-02-24,West,California,Home Office,Standard Class,Technology,Copiers,83.89,3.89
2023-02-25,West,Florida,Consumer,Same Day,Furniture,Bookcases,908.66,94.88
2023-02-26,West,Texas,Home Office,Second Class,Furniture,Bookcases,996.6,-289.02
2023-02-27,West,New York,Corporate,First Class,Technology,Copiers,703.43,-67.97
2023-02-28,Central,Washington,Consumer,Standard Class,Office Supplies,Binders,772.74,137.08
2023-03-01,South,New York,Home Office,Second Class,Office Supplies,Binders,343.93,-87.19
2023-03-02,East,Florida,Consumer,Standard Class,Furniture,Chairs,942.16,-123.06
2023-03-03,East,California,Consumer,Standard Class,Technology,Copiers,534.42,27.35
2023-03-04,South,California,Corporate,First Class,Technology,Copiers,735.06,-107.43
2023-03-05,East,Washington,Consumer,Standard Class,Furniture,Bookcases,924.87,240.82
2023-03-06,South,California,Home Office,First Class,Office Supplies,Binders,975.43,-215.93
2023-03-07,East,California,Home Office,First Class,Office Supplies,Supplies,834.87,148.97
2023-03-08,West,Washington,Home Office,First Class,Office Supplies,Paper,309.99,1.48
2023-03-09,East,Washington,Home Office,Second Class,Furniture,Bookcases,966.88,145.22
2023-03-10,South,Florida,Corporate,Same Day,Office Supplies,Paper,631.84,-71.76
2023-03-11,South,California,Consumer,Second Class,Furniture,Bookcases,931.34,8.1
2023-03-12,South,California,Corporate,Same Day,Furniture,Chairs,679.34,145.45
2023-03-13,South,Florida,Consumer,Same Day,Technology,Copiers,314.17,-6.24
2023-03-14,South,Texas,Consumer,First Class,Office Supplies,Paper,376.32,-31.67
2023-03-15,Central,Texas,Consumer,Standard Class,Furniture,Tables,554.97,12.04
2023-03-16,Central,Texas,Corporate,First Class,Office Supplies,Supplies,792.11,103.31
2023-03-17,East,Florida,Consumer,Standard Class,Office Supplies,Paper,324.8,-11.0
2023-03-18,South,California,Corporate,Same Day,Technology,Accessories,583.93,153.76
2023-03-19,East,Florida,Home Office,First Class,Office Supplies,Binders,352.17,-43.33
2023-03-20,South,Florida,Home Office,Standard Class,Technology,Copiers,817.61,-12.04
2023-03-21,South,Texas,Consumer,Second Class,Furniture,Bookcases,472.06,72.77
2023-03-22,Central,New York,Corporate,Standard Class,Office Supplies,Supplies,85.96,9.75
2023-03-23,Central,California,Home Office,First Class,Furniture,Tables,174.39,38.05
2023-03-24,West,Texas,Corporate,Second Class,Office Supplies,Supplies,70.49,21.01
2023-03-25,Central,New York,Corporate,Standard Class,Furniture,Bookcases,504.31,-22.13
2023-03-26,West,New York,Consumer,Standard Class,Office Supplies,Binders,115.27,-26.89
2023-03-27,West,Washington,Home Office,Standard Class,Office Supplies,Binders,123.0,-34.66
2023-03-28,West,California,Consumer,Standard Class,Office Supplies,Binders,941.64,128.18
2023-03-29,West,New York,Consumer,Standard Class,Office Supplies,Paper,873.93,196.12
2023-03-30,West,Texas,Home Office,Second Class,Office Supplies,Supplies,457.57,-76.68
2023-03-31,East,Washington,Home Office,Same Day,Office Supplies,Binders,985.95,-202.05
2023-04-01,Central,California,Corporate,Second Class,Office Supplies,Binders,10.18,-2.67
2023-04-02,West,Florida,Home Office,Second Class,Office Supplies,Binders,617.84,119.63
2023-04-03,South,Texas,Corporate,Second Class,Office Supplies,Supplies,620.26,-70.2
2023-04-04,Central,New York,Corporate,Same Day,Furniture,Bookcases,462.87,-27.3
2023-04-05,Central,New York,Corporate,First Class,Technology,Copiers,402.98,0.66
2023-04-06,West,Texas,Home Office,Same Day,Office Supplies,Paper,460.83,93.86
2023-04-07,East,New York,Consumer,Second Class,Technology,Accessories,420.81,38.08
2023-04-08,West,Washington,Corporate,Standard Class,Office Supplies,Binders,733.19,50.62
2023-04-09,East,California,Consumer,Standard Class,Office Supplies,Supplies,144.0,-28.02
2023-04-10,South,Washington,Consumer,Second Class,Furniture,Chairs,205.66,1.63
2023-04-11,Central,New York,Home Office,Standard Class,Furniture,Bookcases,188.71,24.39
2023-04-12,South,Florida,Consumer,Second Class,Technology,Copiers,269.85,76.63
2023-04-13,East,California,Consumer,Standard Class,Furniture,Bookcases,530.01,-94.95
2023-04-14,East,California,Home Office,Same Day,Furniture,Tables,120.1,-35.34
2023-04-15,South,Texas,Corporate,First Class,Technology,Accessories,869.49,-221.56
2023-04-16,East,Texas,Consumer,First Class,Furniture,Bookcases,304.39,-22.67
2023-04-17,South,Florida,Home Office,Same Day,Office Supplies,Binders,170.91,32.87
2023-04-18,Central,California,Consumer,Same Day,Technology,Copiers,678.87,-200.75
2023-04-19,South,Florida,Consumer,Second Class,Technology,Copiers,47.71,-1.24
2023-04-20,Central,Texas,Corporate,Second Class,Office Supplies,Binders,623.77,-63.91
2023-04-21,South,Texas,Consumer,Second Class,Furniture,Bookcases,701.22,-188.29
2023-04-22,East,California,Home Office,Standard Class,Technology,Phones,222.77,-6.65
2023-04-23,South,Washington,Consumer,Second Class,Technology,Accessories,51.54,-7.58
2023-04-24,East,New York,Corporate,Same Day,Office Supplies,Paper,370.01,-32.88
2023-04-25,South,Texas,Corporate,First Class,Office Supplies,Binders,107.61,13.28
2023-04-26,South,Texas,Home Office,Standard Class,Furniture,Tables,125.31,1.62
2023-04-27,West,Washington,Corporate,Second Class,Technology,Accessories,261.72,-58.94
2023-04-28,East,Washington,Consumer,Standard Class,Furniture,Chairs,302.51,83.75
2023-04-29,West,Florida,Corporate,Standard Class,Furniture,Tables,534.67,43.6
2023-04-30,East,Florida,Home Office,Second Class,Office Supplies,Supplies,681.61,108.73
2023-05-01,West,New York,Corporate,Standard Class,Technology,Copiers,596.84,-150.69
2023-05-02,Central,New York,Corporate,First Class,Technology,Phones,156.88,-42.63
2023-05-03,South,California,Corporate,Same Day,Technology,Accessories,180.37,-52.01
2023-05-04,East,Florida,Home Office,Same Day,Office Supplies,Supplies,879.98,-164.31
2023-05-05,East,Texas,Corporate,First Class,Office Supplies,Supplies,562.77,-28.9
2023-05-06,South,Florida,Corporate,Standard Class,Office Supplies,Paper,871.24,227.83
2023-05-07,East,Texas,Consumer,Second Class,Office Supplies,Paper,377.83,-9.73
2023-05-08,East,Washington,Home Office,Standard Class,Office Supplies,Supplies,618.26,-77.81
2023-05-09,West,Florida,Corporate,First Class,Technology,Copiers,528.43,19.64
2023-05-10,East,Washington,Home Office,Standard Class,Furniture,Chairs,325.93,-75.89
2023-05-11,Central,New York,Corporate,Same Day,Technology,Phones,475.22,31.22
2023-05-12,Central,New York,Corporate,Standard Class,Furniture,Bookcases,507.47,20.84
2023-05-13,South,California,Corporate,First Class,Office Supplies,Binders,208.76,36.57
2023-05-14,East,Florida,Consumer,Same Day,Furniture,Bookcases,321.86,93.99
2023-05-15,South,Washington,Consumer,Standard Class,Technology,Copiers,793.5,-118.61
2023-05-16,Central,Texas,Consumer,Standard Class,Technology,Phones,916.63,5.31
2023-05-17,East,New York,Home Office,Same Day,Furniture,Chairs,366.2,89.84
2023-05-18,East,New York,Home Office,Second Class,Office Supplies,Paper,313.9,53.71
2023-05-19,South,Texas,Consumer,Same Day,Office Supplies,Paper,203.25,-1.54
2023-05-20,Central,Washington,Home Office,Second Class,Technology,Accessories,681.71,182.17
2023-05-21,East,Washington,Corporate,First Class,Furniture,Bookcases,329.87,-87.63
2023-05-22,South,Florida,Corporate,First Class,Office Supplies,Binders,987.87,255.46
2023-05-23,Central,Florida,Corporate,Same Day,Office Supplies,Supplies,332.43,-89.65
2023-05-24,South,California,Consumer,Same Day,Technology,Phones,400.19,11.36
2023-05-25,West,New York,Home Office,First Class,Office Supplies,Supplies,607.3,142.27
2023-05-26,East,Florida,Consumer,Second Class,Furniture,Tables,803.67,-114.42
2023-05-27,West,Washington,Home Office,First Class,Technology,Accessories,474.82,-7.91
2023-05-28,Central,Texas,Corporate,Same Day,Technology,Accessories,428.43,-45.16
2023-05-29,West,Washington,Consumer,First Class,Furniture,Bookcases,995.68,270.11
2023-05-30,West,New York,Home Office,Same Day,Technology,Phones,20.39,3.96
2023-05-31,Central,Washington,Home Office,Same Day,Office Supplies,Binders,896.11,112.37
2023-06-01,South,California,Corporate,First Class,Office Supplies,Paper,157.65,8.29
2023-06-02,West,New York,Consumer,Second Class,Furniture,Tables,788.07,151.59
2023-06-03,South,Texas,Consumer,Standard Class,Office Supplies,Paper,621.75,-40.19
2023-06-04,West,California,Consumer,First Class,Furniture,Tables,348.43,-10.96
2023-06-05,South,New York,Corporate,Standard Class,Furniture,Chairs,875.14,120.77
2023-06-06,Central,Texas,Consumer,First Class,Office Supplies,Supplies,22.78,-1.94
2023-06-07,West,California,Corporate,Standard Class,Furniture,Bookcases,234.42,-61.34
2023-06-08,Central,California,Corporate,Second Class,Office Supplies,Supplies,571.22,-145.89
2023-06-09,West,New York,Corporate,Second Class,Technology,Copiers,358.03,-82.63
2023-06-10,Central,Florida,Home Office,First Class,Technology,Accessories,614.27,136.25
2023-06-11,Central,California,Consumer,Same Day,Furniture,Tables,33.87,-0.56
2023-06-12,West,California,Consumer,Standard Class,Office Supplies,Paper,125.29,16.0
2023-06-13,West,Texas,Corporate,Same Day,Office Supplies,Supplies,135.83,-8.73
2023-06-14,West,Washington,Corporate,Same Day,Technology,Accessories,197.39,-28.58
2023-06-15,East,New York,Consumer,Same Day,Technology,Accessories,464.74,-42.61
2023-06-16,South,New York,Corporate,Second Class,Office Supplies,Binders,754.61,133.2
2023-06-17,East,Florida,Consumer,First Class,Furniture,Chairs,906.48,68.1
2023-06-18,East,Florida,Home Office,First Class,Technology,Accessories,837.02,219.79
2023-06-19,Central,New York,Corporate,Second Class,Furniture,Chairs,204.92,22.1
2023-06-20,West,Florida,Consumer,Second Class,Furniture,Chairs,446.74,18.81
2023-06-21,South,Texas,Corporate,First Class,Technology,Accessories,207.42,13.71
2023-06-22,Central,New York,Consumer,Same Day,Furniture,Tables,271.83,72.15
2023-06-23,East,Florida,Consumer,Standard Class,Furniture,Tables,508.51,87.93
2023-06-24,West,New York,Corporate,Standard Class,Office Supplies,Paper,77.43,-22.11
2023-06-25,Central,Washington,Home Office,Standard Class,Furniture,Bookcases,225.99,4.63
2023-06-26,West,California,Consumer,Same Day,Office Supplies,Supplies,936.02,105.77
2023-06-27,Central,New York,Consumer,First Class,Technology,Accessories,471.46,70.35
2023-06-28,West,California,Consumer,Second Class,Technology,Phones,450.93,-77.61
2023-06-29,East,Florida,Home Office,First Class,Office Supplies,Paper,24.42,5.38
2023-06-30,South,California,Home Office,Same Day,Technology,Accessories,254.93,69.72
2023-07-01,East,New York,Corporate,Second Class,Furniture,Chairs,867.63,-137.06
2023-07-02,South,Washington,Home Office,Same Day,Furniture,Bookcases,172.98,39.71
2023-07-03,West,Florida,Corporate,Standard Class,Furniture,Tables,420.97,-101.8
2023-07-04,Central,New York,Corporate,Standard Class,Technology,Accessories,24.19,-6.45
2023-07-05,East,Florida,Home Office,Same Day,Furniture,Bookcases,483.55,-107.57
2023-07-06,South,Texas,Corporate,Second Class,Technology,Copiers,30.81,-8.18
2023-07-07,East,California,Home Office,Second Class,Furniture,Chairs,821.41,170.04
2023-07-08,South,Texas,Corporate,First Class,Office Supplies,Supplies,826.61,-218.7
2023-07-09,East,New York,Home Office,Standard Class,Technology,Copiers,789.86,-108.21
2023-07-10,South,Washington,Home Office,First Class,Technology,Copiers,290.53,-69.07
2023-07-11,South,Florida,Corporate,First Class,Furniture,Chairs,838.86,-102.97
2023-07-12,West,California,Consumer,Same Day,Technology,Copiers,547.57,-134.52
2023-07-13,South,Florida,Corporate,Same Day,Technology,Copiers,380.07,38.31
2023-07-14,West,New York,Home Office,First Class,Office Supplies,Binders,629.08,-138.4
2023-07-15,South,Florida,Consumer,Standard Class,Office Supplies,Supplies,22.22,4.69
2023-07-16,Central,California,Corporate,Same Day,Furniture,Bookcases,151.53,28.84
2023-07-17,Central,New York,Corporate,First Class,Office Supplies,Binders,744.87,-217.36
2023-07-18,Central,Florida,Corporate,First Class,Furniture,Tables,251.72,59.77
2023-07-19,South,Washington,Consumer,First Class,Furniture,Chairs,602.03,-170.15
2023-07-20,West,New York,Home Office,First Class,Furniture,Bookcases,391.25,-61.12
2023-07-21,West,New York,Corporate,First Class,Technology,Copiers,856.26,-240.24
2023-07-22,South,Washington,Corporate,First Class,Office Supplies,Supplies,952.89,-93.85
2023-07-23,Central,Texas,Corporate,Same Day,Furniture,Chairs,884.73,7.36
2023-07-24,Central,California,Corporate,Standard Class,Office Supplies,Supplies,277.91,49.46
2023-07-25,West,Texas,Corporate,First Class,Furniture,Bookcases,202.22,-19.66
2023-07-26,Central,Florida,Home Office,Second Class,Office Supplies,Binders,479.69,59.14
2023-07-27,East,Washington,Home Office,Same Day,Office Supplies,Paper,17.26,-3.24
2023-07-28,West,Texas,Corporate,Same Day,Furniture,Tables,35.55,5.35
2023-07-29,Central,New York,Consumer,First Class,Technology,Copiers,557.76,-88.35
2023-07-30,West,Florida,Home Office,Same Day,Office Supplies,Binders,525.24,-112.33
2023-07-31,East,Florida,Consumer,First Class,Technology,Copiers,994.64,-187.74
2023-08-01,West,Texas,Home Office,Standard Class,Technology,Phones,209.82,-40.03
2023-08-02,West,Texas,Corporate,Standard Class,Furniture,Chairs,265.52,2.05
2023-08-03,West,Washington,Home Office,Same Day,Furniture,Tables,122.41,25.32
2023-08-04,West,California,Corporate,Same Day,Furniture,Tables,918.37,-231.65
2023-08-05,East,Texas,Home Office,Second Class,Office Supplies,Binders,780.03,96.86
2023-08-06,South,Texas,Corporate,Same Day,Furniture,Bookcases,824.12,76.32
2023-08-07,West,New York,Corporate,Second Class,Furniture,Tables,903.74,202.0
2023-08-08,West,Florida,Corporate,Standard Class,Office Supplies,Supplies,529.65,-81.31
2023-08-09,Central,California,Corporate,Standard Class,Office Supplies,Paper,456.68,-13.67
2023-08-10,West,New York,Consumer,First Class,Furniture,Tables,337.09,86.13
2023-08-11,Central,Washington,Corporate,Standard Class,Furniture,Bookcases,593.32,56.96
2023-08-12,South,Washington,Consumer,Second Class,Furniture,Tables,459.74,-30.68
2023-08-13,East,Texas,Consumer,Same Day,Furniture,Tables,457.05,-101.08
2023-08-14,East,Texas,Corporate,First Class,Technology,Copiers,937.56,-133.61
2023-08-15,South,Washington,Consumer,Second Class,Technology,Accessories,984.19,47.96
2023-08-16,East,Texas,Home Office,Same Day,Furniture,Tables,798.52,104.53
2023-08-17,South,California,Corporate,First Class,Technology,Accessories,759.19,-171.08
2023-08-18,South,Texas,Consumer,Standard Class,Office Supplies,Supplies,683.75,40.86
2023-08-19,South,Florida,Corporate,Second Class,Technology,Phones,174.41,5.27
2023-08-20,East,Texas,Corporate,Same Day,Technology,Copiers,68.51,0.57
2023-08-21,Central,New York,Corporate,First Class,Furniture,Chairs,693.82,79.15
2023-08-22,South,California,Consumer,First Class,Technology,Accessories,731.5,148.11
2023-08-23,West,New York,Home Office,Standard Class,Technology,Phones,56.5,-6.0
2023-08-24,East,New York,Home Office,Same Day,Technology,Copiers,928.77,216.78
2023-08-25,South,Florida,Consumer,Standard Class,Technology,Copiers,100.23,-20.41
2023-08-26,South,California,Corporate,Standard Class,Office Supplies,Paper,293.04,-57.49
2023-08-27,West,California,Consumer,Same Day,Furniture,Chairs,675.67,-94.55
2023-08-28,Central,California,Consumer,Same Day,Furniture,Tables,178.17,-40.67
2023-08-29,Central,California,Consumer,Same Day,Office Supplies,Paper,64.86,-10.49
2023-08-30,Central,California,Corporate,Second Class,Technology,Copiers,337.84,-79.78
2023-08-31,South,Florida,Consumer,Same Day,Office Supplies,Binders,768.31,148.32
2023-09-01,South,Texas,Corporate,First Class,Technology,Phones,419.54,-90.88
2023-09-02,South,New York,Consumer,Standard Class,Office Supplies,Binders,656.44,97.4
2023-09-03,East,California,Home Office,Second Class,Furniture,Chairs,583.82,-158.36
2023-09-04,West,Texas,Consumer,Same Day,Furniture,Tables,32.0,8.61
2023-09-05,South,Texas,Consumer,Second Class,Furniture,Tables,988.65,125.26
2023-09-06,West,New York,Home Office,Same Day,Technology,Copiers,51.01,-15.09
2023-09-07,West,Florida,Corporate,Second Class,Technology,Accessories,968.12,153.27
2023-09-08,Central,Washington,Corporate,Standard Class,Office Supplies,Paper,554.37,4.68
2023-09-09,East,Washington,Consumer,Standard Class,Office Supplies,Supplies,963.53,161.51
2023-09-10,South,Texas,Home Office,First Class,Furniture,Bookcases,123.61,1.67
2023-09-11,Central,New York,Corporate,First Class,Technology,Copiers,495.5,41.93
2023-09-12,Central,Washington,Consumer,Same Day,Office Supplies,Paper,177.81,30.55
2023-09-13,South,Texas,Home Office,Standard Class,Technology,Accessories,60.47,-3.44
2023-09-14,West,Florida,Corporate,Second Class,Technology,Copiers,621.35,-185.4
2023-09-15,Central,Washington,Corporate,Second Class,Furniture,Bookcases,215.71,45.29
2023-09-16,West,Texas,Home Office,Second Class,Furniture,Bookcases,591.82,-42.29
2023-09-17,East,Texas,Home Office,First Class,Technology,Accessories,121.24,-0.29
2023-09-18,West,California,Home Office,Second Class,Technology,Accessories,338.67,-100.02
2023-09-19,East,Florida,Home Office,First Class,Technology,Phones,783.82,-3.72
2023-09-20,West,California,Consumer,First Class,Technology,Accessories,442.68,129.21
2023-09-21,Central,New York,Home Office,Same Day,Furniture,Tables,631.47,-84.01
2023-09-22,Central,California,Corporate,Second Class,Office Supplies,Paper,650.98,-40.85
2023-09-23,East,California,Corporate,Second Class,Furniture,Bookcases,845.32,94.94
2023-09-24,South,Washington,Consumer,Standard Class,Office Supplies,Paper,331.67,62.64
2023-09-25,East,Texas,Corporate,Same Day,Technology,Copiers,690.42,-34.22
2023-09-26,East,Florida,Corporate,Standard Class,Office Supplies,Binders,962.0,-109.86
2023-09-27,West,California,Home Office,Same Day,Furniture,Chairs,732.94,192.54
2023-09-28,West,Florida,Corporate,Second Class,Furniture,Bookcases,494.97,52.61
2023-09-29,East,California,Consumer,First Class,Technology,Copiers,634.41,-145.02
2023-09-30,Central,New York,Home Office,First Class,Furniture,Bookcases,742.29,-191.99
2023-10-01,West,California,Home Office,First Class,Technology,Accessories,616.15,-6.08
2023-10-02,South,Washington,Consumer,First Class,Furniture,Chairs,26.51,-4.45
2023-10-03,West,Texas,Home Office,First Class,Furniture,Bookcases,202.83,-29.94
2023-10-04,West,New York,Home Office,Standard Class,Technology,Accessories,812.36,184.09
2023-10-05,South,California,Consumer,Same Day,Office Supplies,Binders,279.92,-68.93
2023-10-06,East,Florida,Home Office,Second Class,Furniture,Tables,734.25,94.88
2023-10-07,South,New York,Consumer,Standard Class,Office Supplies,Binders,378.4,-51.96
2023-10-08,East,New York,Consumer,Same Day,Furniture,Tables,526.67,82.26
2023-10-09,East,California,Corporate,First Class,Furniture,Chairs,77.29,10.31
2023-10-10,East,New York,Corporate,Same Day,Furniture,Chairs,189.41,-55.98
2023-10-11,South,Florida,Home Office,Same Day,Furniture,Tables,957.62,5.25
2023-10-12,East,New York,Home Office,First Class,Office Supplies,Supplies,891.24,-192.87
2023-10-13,Central,Florida,Consumer,First Class,Office Supplies,Binders,655.75,144.09
2023-10-14,South,California,Home Office,First Class,Furniture,Bookcases,465.05,103.68
2023-10-15,Central,Texas,Consumer,Second Class,Furniture,Tables,679.0,-33.27
2023-10-16,East,New York,Consumer,First Class,Office Supplies,Supplies,622.42,-20.77
2023-10-17,West,Texas,Home Office,Second Class,Technology,Copiers,572.87,-67.62
2023-10-18,East,Florida,Consumer,First Class,Technology,Copiers,68.59,8.91
2023-10-19,Central,New York,Corporate,Second Class,Office Supplies,Supplies,636.47,-53.97
2023-10-20,Central,Washington,Home Office,Same Day,Furniture,Bookcases,771.23,-107.45
2023-10-21,South,Texas,Corporate,Standard Class,Furniture,Chairs,994.14,-40.42
2023-10-22,West,New York,Home Office,Same Day,Technology,Phones,20.97,-5.14
2023-10-23,South,Texas,Consumer,Same Day,Technology,Phones,732.87,108.44
2023-10-24,Central,New York,Home Office,First Class,Office Supplies,Paper,576.07,-168.47
2023-10-25,East,California,Corporate,Second Class,Technology,Copiers,439.71,38.12
2023-10-26,West,Texas,Consumer,Standard Class,Office Supplies,Binders,136.29,-25.93
2023-10-27,East,Washington,Home Office,First Class,Technology,Accessories,414.99,-66.63
2023-10-28,East,Washington,Home Office,First Class,Technology,Phones,360.83,29.36
2023-10-29,West,Florida,Home Office,First Class,Technology,Phones,309.8,91.63
2023-10-30,South,New York,Corporate,Same Day,Furniture,Bookcases,733.57,122.24
2023-10-31,East,Texas,Corporate,Second Class,Furniture,Tables,703.72,-115.76
2023-11-01,Central,Florida,Home Office,Second Class,Furniture,Bookcases,593.13,-115.3
2023-11-02,East,Texas,Consumer,Standard Class,Technology,Copiers,939.28,206.4
2023-11-03,West,New York,Consumer,Second Class,Office Supplies,Binders,356.36,-11.93
2023-11-04,West,Washington,Corporate,Second Class,Office Supplies,Supplies,251.36,-54.74
2023-11-05,West,California,Consumer,First Class,Office Supplies,Paper,659.34,143.29
2023-11-06,South,Washington,Corporate,First Class,Office Supplies,Supplies,206.83,39.23
2023-11-07,East,Florida,Home Office,Same Day,Furniture,Bookcases,321.86,93.45
2023-11-08,South,California,Corporate,First Class,Furniture,Bookcases,232.36,57.12
2023-11-09,South,Florida,Corporate,First Class,Technology,Phones,78.46,16.56
2023-11-10,West,New York,Home Office,First Class,Technology,Accessories,829.22,-222.61
2023-11-11,West,California,Consumer,First Class,Office Supplies,Binders,262.0,-62.19
2023-11-12,South,Florida,Corporate,Same Day,Furniture,Chairs,478.3,19.8
2023-11-13,East,New York,Corporate,First Class,Office Supplies,Binders,52.88,1.0
2023-11-14,Central,Washington,Home Office,Standard Class,Technology,Phones,702.35,-17.71
2023-11-15,South,New York,Consumer,Standard Class,Technology,Phones,337.26,-20.89
2023-11-16,East,Texas,Corporate,Standard Class,Office Supplies,Paper,747.29,-30.84
2023-11-17,West,New York,Home Office,Standard Class,Technology,Copiers,418.28,17.39
2023-11-18,West,New York,Corporate,First Class,Office Supplies,Binders,203.8,-60.89
2023-11-19,East,Texas,Home Office,Standard Class,Furniture,Chairs,518.04,-74.38
2023-11-20,Central,Florida,Consumer,First Class,Office Supplies,Paper,139.2,1.53
2023-11-21,West,Florida,Consumer,Same Day,Furniture,Tables,446.13,59.48
2023-11-22,West,New York,Consumer,Standard Class,Furniture,Bookcases,324.13,-63.37
2023-11-23,West,Texas,Consumer,Second Class,Technology,Accessories,912.84,25.68
2023-11-24,East,Texas,Corporate,Standard Class,Technology,Copiers,70.32,9.05
2023-11-25,South,Washington,Corporate,Standard Class,Technology,Phones,697.08,-23.16
2023-11-26,West,Florida,Consumer,First Class,Office Supplies,Binders,190.92,-54.17
2023-11-27,South,California,Consumer,Standard Class,Office Supplies,Supplies,325.85,-9.92
2023-11-28,Central,Florida,Consumer,Second Class,Technology,Accessories,421.36,-51.46
2023-11-29,West,Florida,Corporate,First Class,Office Supplies,Supplies,908.93,234.31
2023-11-30,West,Washington,Consumer,First Class,Technology,Accessories,250.15,-56.34
2023-12-01,Central,California,Consumer,Same Day,Office Supplies,Binders,100.4,9.19
2023-12-02,West,Washington,Consumer,Same Day,Furniture,Tables,325.5,-87.35
2023-12-03,South,California,Home Office,Standard Class,Furniture,Bookcases,113.63,-3.67
2023-12-04,East,New York,Consumer,Same Day,Technology,Copiers,137.31,4.45
2023-12-05,South,California,Home Office,Same Day,Office Supplies,Binders,578.11,-70.08
2023-12-06,East,Washington,Home Office,Same Day,Office Supplies,Paper,70.29,-1.89
2023-12-07,East,Florida,Consumer,First Class,Furniture,Tables,40.62,-8.2
2023-12-08,South,California,Home Office,First Class,Furniture,Tables,717.27,-84.3
2023-12-09,South,California,Consumer,First Class,Technology,Phones,368.03,26.74
2023-12-10,South,Texas,Corporate,Same Day,Furniture,Tables,134.12,-15.95
2023-12-11,South,Florida,Corporate,First Class,Technology,Copiers,261.08,62.62
2023-12-12,Central,New York,Corporate,Same Day,Furniture,Tables,645.67,49.75
2023-12-13,West,Washington,Corporate,First Class,Furniture,Chairs,282.78,-10.41
2023-12-14,East,New York,Home Office,First Class,Office Supplies,Paper,499.58,-138.26
2023-12-15,South,Florida,Consumer,Second Class,Furniture,Tables,130.48,-0.04
2023-12-16,South,California,Consumer,Standard Class,Furniture,Bookcases,592.21,94.08
2023-12-17,South,California,Consumer,Same Day,Technology,Accessories,322.92,-45.42
2023-12-18,Central,Florida,Corporate,Second Class,Furniture,Bookcases,630.7,116.09
2023-12-19,South,California,Corporate,First Class,Technology,Copiers,810.31,-120.67
2023-12-20,South,California,Consumer,Same Day,Furniture,Chairs,615.53,119.57
2023-12-21,South,California,Corporate,First Class,Furniture,Bookcases,302.79,-75.35
2023-12-22,West,Washington,Consumer,Standard Class,Technology,Copiers,263.19,57.83
2023-12-23,Central,Washington,Consumer,Second Class,Office Supplies,Binders,334.15,-0.16
2023-12-24,South,Texas,Consumer,Standard Class,Technology,Copiers,172.97,-21.12
2023-12-25,East,New York,Consumer,Second Class,Technology,Phones,189.36,-26.69
2023-12-26,East,Florida,Consumer,First Class,Technology,Accessories,792.78,-32.34
2023-12-27,East,Florida,Consumer,Standard Class,Office Supplies,Binders,390.89,117.04
2023-12-28,Central,Florida,Consumer,Standard Class,Furniture,Bookcases,441.64,-74.11
2023-12-29,Central,Texas,Corporate,First Class,Technology,Phones,598.11,-142.39
2023-12-30,East,Washington,Consumer,Standard Class,Technology,Copiers,593.76,30.29
2023-12-31,South,Texas,Consumer,Same Day,Office Supplies,Paper,76.7,-0.53
2024-01-01,Central,Florida,Corporate,Second Class,Technology,Phones,833.23,12.1
2024-01-02,East,New York,Corporate,Second Class,Furniture,Tables,185.55,18.58
2024-01-03,East,California,Corporate,Second Class,Office Supplies,Supplies,725.84,-101.41
2024-01-04,South,Washington,Consumer,Same Day,Furniture,Bookcases,774.94,190.94
2024-01-05,West,Washington,Home Office,Second Class,Furniture,Tables,717.75,-27.7
2024-01-06,Central,Texas,Home Office,First Class,Office Supplies,Binders,583.19,-129.79
2024-01-07,South,Washington,Corporate,Standard Class,Technology,Phones,24.46,3.56
2024-01-08,East,Florida,Home Office,Same Day,Furniture,Bookcases,366.77,31.49
2024-01-09,East,Florida,Corporate,Second Class,Furniture,Tables,608.79,-67.3
2024-01-10,South,Texas,Consumer,First Class,Furniture,Tables,393.58,28.7
2024-01-11,Central,Florida,Home Office,Standard Class,Furniture,Chairs,864.85,-145.37
2024-01-12,West,New York,Consumer,Standard Class,Office Supplies,Binders,315.71,-10.45
2024-01-13,West,Texas,Home Office,Same Day,Office Supplies,Binders,300.6,72.04
2024-01-14,East,New York,Consumer,Same Day,Furniture,Tables,273.34,-60.1
2024-01-15,Central,California,Home Office,Same Day,Technology,Phones,339.45,-23.08
2024-01-16,West,New York,Consumer,First Class,Furniture,Chairs,561.83,108.26
2024-01-17,Central,California,Consumer,First Class,Technology,Copiers,709.95,199.99
2024-01-18,Central,California,Home Office,Same Day,Furniture,Chairs,665.94,-18.41
2024-01-19,East,New York,Consumer,Second Class,Technology,Phones,809.64,3.4
2024-01-20,West,Texas,Consumer,Standard Class,Furniture,Tables,887.05,38.41
2024-01-21,South,Florida,Consumer,Standard Class,Technology,Accessories,817.92,212.18
2024-01-22,East,Florida,Home Office,First Class,Furniture,Bookcases,28.76,6.18
2024-01-23,West,California,Home Office,Standard Class,Furniture,Chairs,738.56,-145.97
2024-01-24,West,California,Consumer,Second Class,Technology,Copiers,216.32,-8.21
2024-01-25,West,Texas,Consumer,Standard Class,Office Supplies,Paper,141.6,-3.06
2024-01-26,West,Washington,Home Office,First Class,Technology,Copiers,642.1,111.38
2024-01-27,West,New York,Home Office,First Class,Office Supplies,Paper,326.55,20.16
2024-01-28,Central,California,Consumer,Second Class,Furniture,Bookcases,66.55,6.16
2024-01-29,East,Florida,Consumer,Second Class,Technology,Copiers,146.25,43.72
2024-01-30,Central,Texas,Consumer,Standard Class,Technology,Phones,10.92,-2.78
2024-01-31,South,New York,Corporate,Standard Class,Technology,Copiers,904.19,-150.27
2024-02-01,West,Texas,Home Office,First Class,Office Supplies,Binders,34.37,-1.9
2024-02-02,East,New York,Corporate,Second Class,Office Supplies,Binders,217.36,-19.85
2024-02-03,West,New York,Home Office,Second Class,Furniture,Chairs,422.1,-121.15
2024-02-04,East,California,Home Office,Second Class,Office Supplies,Binders,363.01,-88.91
2024-02-05,Central,Texas,Home Office,Standard Class,Office Supplies,Supplies,912.61,99.08
2024-02-06,East,Texas,Home Office,Second Class,Furniture,Tables,49.89,11.35
2024-02-07,South,Florida,Home Office,First Class,Technology,Accessories,517.09,4.41
2024-02-08,South,Florida,Home Office,First Class,Technology,Accessories,683.67,16.08
2024-02-09,East,California,Home Office,Standard Class,Furniture,Bookcases,932.38,-137.01
2024-02-10,East,California,Corporate,Same Day,Technology,Phones,624.17,100.32
2024-02-11,East,Washington,Consumer,Standard Class,Office Supplies,Paper,805.72,121.73
2024-02-12,East,Florida,Consumer,Same Day,Furniture,Bookcases,92.89,4.92
2024-02-13,South,New York,Corporate,Second Class,Furniture,Chairs,392.08,-67.6
2024-02-14,West,Texas,Corporate,Standard Class,Furniture,Tables,380.21,-91.93
2024-02-15,East,California,Corporate,First Class,Technology,Phones,887.43,-232.02
2024-02-16,East,Texas,Corporate,Second Class,Furniture,Tables,159.86,8.89
2024-02-17,South,Texas,Home Office,First Class,Furniture,Tables,160.37,31.28
2024-02-18,South,Washington,Consumer,Second Class,Furniture,Tables,335.27,72.08
2024-02-19,Central,Florida,Home Office,Standard Class,Technology,Phones,63.92,-1.4
2024-02-20,East,California,Consumer,Same Day,Office Supplies,Supplies,190.63,32.51
2024-02-21,Central,Texas,Consumer,Second Class,Furniture,Chairs,965.56,258.89
2024-02-22,South,California,Corporate,Same Day,Office Supplies,Paper,433.9,-58.53
2024-02-23,South,New York,Home Office,Second Class,Technology,Phones,635.7,-38.92
2024-02-24,West,Washington,Corporate,First Class,Technology,Copiers,728.85,188.69
2024-02-25,East,New York,Home Office,First Class,Technology,Phones,373.29,-36.23
2024-02-26,Central,California,Consumer,Second Class,Technology,Copiers,155.75,38.68
2024-02-27,South,California,Corporate,Same Day,Office Supplies,Supplies,214.52,61.92
2024-02-28,South,Florida,Corporate,Standard Class,Furniture,Chairs,320.13,31.08
2024-02-29,Central,Texas,Consumer,Standard Class,Technology,Accessories,639.71,121.63
2024-03-01,West,Texas,Consumer,First Class,Technology,Copiers,404.3,60.53
2024-03-02,South,New York,Consumer,Standard Class,Office Supplies,Binders,16.75,2.01
2024-03-03,East,Washington,Corporate,First Class,Office Supplies,Supplies,528.17,-61.18
2024-03-04,South,Texas,Home Office,Standard Class,Technology,Accessories,922.3,-245.1
2024-03-05,East,Florida,Corporate,Second Class,Furniture,Chairs,813.96,-76.65
2024-03-06,Central,New York,Home Office,First Class,Furniture,Chairs,826.96,82.83
2024-03-07,East,New York,Corporate,First Class,Technology,Phones,797.11,-190.1
2024-03-08,Central,Florida,Corporate,Second Class,Office Supplies,Paper,330.49,-96.78
2024-03-09,East,Washington,Consumer,First Class,Technology,Copiers,767.54,-165.93
2024-03-10,Central,Florida,Home Office,Standard Class,Technology,Phones,151.73,19.64
2024-03-11,East,Washington,Corporate,Standard Class,Office Supplies,Supplies,661.14,187.55
2024-03-12,West,Florida,Corporate,First Class,Technology,Copiers,645.15,186.99
2024-03-13,East,Florida,Consumer,Standard Class,Technology,Accessories,35.31,-0.13
2024-03-14,East,California,Consumer,Same Day,Technology,Phones,790.09,175.09
2024-03-15,West,New York,Home Office,First Class,Office Supplies,Supplies,904.22,128.49
2024-03-16,South,Florida,Corporate,Second Class,Furniture,Chairs,274.74,0.17
2024-03-17,South,Florida,Home Office,Same Day,Furniture,Chairs,814.27,35.55
2024-03-18,East,Texas,Corporate,First Class,Office Supplies,Paper,91.58,-19.93
2024-03-19,West,New York,Home Office,Second Class,Furniture,Chairs,603.97,158.6
2024-03-20,East,Texas,Consumer,Standard Class,Technology,Phones,490.79,-43.6
2024-03-21,Central,New York,Corporate,Second Class,Furniture,Bookcases,550.46,-17.79
2024-03-22,Central,Texas,Home Office,Same Day,Technology,Accessories,926.94,95.47
2024-03-23,East,Florida,Consumer,Standard Class,Furniture,Chairs,872.6,-86.96
2024-03-24,South,Florida,Consumer,First Class,Office Supplies,Supplies,787.23,-116.07
2024-03-25,South,California,Home Office,Standard Class,Furniture,Tables,280.96,22.09
2024-03-26,East,Texas,Corporate,First Class,Furniture,Tables,912.7,-260.13
2024-03-27,East,Washington,Corporate,First Class,Furniture,Bookcases,106.53,14.11
2024-03-28,Central,California,Consumer,Second Class,Office Supplies,Supplies,854.8,7.19
2024-03-29,South,Texas,Corporate,Second Class,Furniture,Bookcases,334.88,21.25
2024-03-30,East,Texas,Corporate,Second Class,Office Supplies,Supplies,63.23,5.0
2024-03-31,Central,California,Corporate,Same Day,Technology,Copiers,672.66,10.92
2024-04-01,South,Florida,Consumer,Same Day,Furniture,Chairs,238.97,11.83
2024-04-02,West,Texas,Home Office,Second Class,Office Supplies,Binders,251.14,27.69
2024-04-03,Central,Florida,Corporate,Same Day,Office Supplies,Paper,312.99,47.53
2024-04-04,South,California,Consumer,Standard Class,Furniture,Chairs,73.05,9.97
2024-04-05,South,Florida,Consumer,Standard Class,Technology,Phones,185.36,41.11
2024-04-06,Central,New York,Home Office,Same Day,Office Supplies,Binders,15.09,-2.81
2024-04-07,West,Washington,Corporate,Same Day,Furniture,Bookcases,450.96,-26.75
2024-04-08,Central,Texas,Corporate,Standard Class,Technology,Accessories,93.41,25.1
2024-04-09,South,Washington,Home Office,First Class,Office Supplies,Paper,685.83,-42.55
2024-04-10,East,Florida,Home Office,Standard Class,Office Supplies,Paper,243.27,-54.75
2024-04-11,East,Texas,Consumer,Standard Class,Technology,Accessories,944.14,14.41
2024-04-12,Central,Florida,Consumer,Same Day,Technology,Phones,872.54,-204.44
2024-04-13,South,New York,Home Office,Standard Class,Furniture,Chairs,296.55,-52.87
2024-04-14,East,California,Corporate,Same Day,Furniture,Bookcases,785.38,234.82
2024-04-15,South,Texas,Consumer,Same Day,Office Supplies,Paper,805.21,19.98
2024-04-16,Central,New York,Consumer,Second Class,Technology,Phones,986.7,-127.84
2024-04-17,East,New York,Corporate,Standard Class,Technology,Phones,601.86,178.67
2024-04-18,South,Texas,Consumer,First Class,Technology,Copiers,91.15,25.52
2024-04-19,East,Florida,Corporate,Second Class,Office Supplies,Supplies,650.37,-23.12
2024-04-20,Central,New York,Corporate,Same Day,Technology,Copiers,628.73,-90.39
2024-04-21,South,Washington,Corporate,Same Day,Technology,Phones,641.97,130.35
2024-04-22,East,New York,Home Office,First Class,Office Supplies,Binders,314.07,40.63
2024-04-23,Central,Florida,Home Office,Same Day,Furniture,Bookcases,861.08,96.58
2024-04-24,East,Florida,Home Office,Standard Class,Furniture,Tables,959.88,226.41
2024-04-25,East,Washington,Corporate,Second Class,Office Supplies,Supplies,225.54,25.63
2024-04-26,West,New York,Corporate,Same Day,Technology,Copiers,97.27,-12.62
2024-04-27,West,Florida,Home Office,Same Day,Office Supplies,Supplies,202.59,23.56
2024-04-28,Central,Texas,Consumer,First Class,Furniture,Bookcases,822.35,-95.81
2024-04-29,West,California,Corporate,Standard Class,Furniture,Chairs,679.88,105.75
2024-04-30,Central,California,Consumer,Same Day,Office Supplies,Paper,639.69,45.96
2024-05-01,West,California,Consumer,First Class,Office Supplies,Supplies,407.78,-103.39
2024-05-02,East,New York,Corporate,Same Day,Furniture,Tables,582.05,4.48
2024-05-03,Central,Washington,Corporate,First Class,Office Supplies,Paper,314.8,-29.6
2024-05-04,Central,Florida,Consumer,First Class,Furniture,Tables,482.43,-49.62
2024-05-05,East,Texas,Consumer,Standard Class,Office Supplies,Supplies,795.13,48.78
2024-05-06,Central,Texas,Home Office,Same Day,Office Supplies,Binders,981.43,-104.63
2024-05-07,Central,New York,Home Office,Standard Class,Office Supplies,Supplies,933.16,155.03
2024-05-08,West,California,Corporate,First Class,Furniture,Tables,934.53,-240.66
2024-05-09,Central,New York,Home Office,Second Class,Office Supplies,Paper,408.2,39.28
2024-05-10,South,Washington,Home Office,Same Day,Furniture,Chairs,474.1,87.95
2024-05-11,East,Washington,Home Office,Second Class,Furniture,Bookcases,708.58,73.48
2024-05-12,West,Florida,Home Office,Same Day,Office Supplies,Paper,922.97,-1.53
2024-05-13,West,Florida,Consumer,Standard Class,Office Supplies,Binders,150.57,40.68
2024-05-14,South,Washington,Corporate,Standard Class,Furniture,Tables,311.2,-37.36
2024-05-15,East,Washington,Home Office,Standard Class,Furniture,Chairs,147.85,-42.65
2024-05-16,East,Washington,Consumer,Standard Class,Technology,Phones,615.89,-25.13
2024-05-17,West,New York,Consumer,Standard Class,Furniture,Bookcases,313.24,-87.77
2024-05-18,Central,Washington,Consumer,Second Class,Technology,Accessories,332.85,90.66
2024-05-19,West,Texas,Home Office,Standard Class,Technology,Copiers,80.21,-13.96
2024-05-20,East,California,Home Office,First Class,Technology,Accessories,356.3,61.77
2024-05-21,South,Washington,Corporate,First Class,Office Supplies,Supplies,863.87,142.32
2024-05-22,West,California,Home Office,Second Class,Office Supplies,Paper,240.74,-40.77
2024-05-23,East,New York,Home Office,Same Day,Furniture,Bookcases,698.24,50.79
2024-05-24,West,California,Consumer,First Class,Technology,Phones,633.33,-171.73
2024-05-25,Central,New York,Corporate,Same Day,Office Supplies,Paper,864.85,-8.52
2024-05-26,West,Texas,Home Office,Second Class,Office Supplies,Paper,140.97,-41.05
2024-05-27,West,New York,Home Office,Same Day,Office Supplies,Binders,977.81,247.08
2024-05-28,East,New York,Consumer,Same Day,Office Supplies,Supplies,586.8,167.62
2024-05-29,East,Florida,Consumer,Same Day,Office Supplies,Paper,995.52,-165.88
2024-05-30,East,Washington,Home Office,Same Day,Technology,Accessories,912.4,-159.79
2024-05-31,West,Washington,Corporate,Second Class,Technology,Copiers,229.3,34.91
2024-06-01,Central,Texas,Corporate,First Class,Technology,Phones,65.6,-9.71
2024-06-02,South,Texas,Consumer,Standard Class,Technology,Copiers,263.08,62.36
2024-06-03,South,Washington,Consumer,Same Day,Furniture,Bookcases,532.29,23.61
2024-06-04,East,Florida,Home Office,First Class,Technology,Copiers,179.88,-16.11
2024-06-05,East,Washington,Consumer,First Class,Office Supplies,Paper,175.79,35.09
2024-06-06,West,Florida,Home Office,Second Class,Technology,Phones,467.97,-1.85
2024-06-07,South,Texas,Corporate,First Class,Furniture,Chairs,42.94,10.61
2024-06-08,East,California,Corporate,Second Class,Office Supplies,Supplies,130.67,33.56
2024-06-09,Central,Texas,Home Office,Same Day,Technology,Accessories,421.7,-84.66
2024-06-10,Central,Texas,Consumer,Same Day,Technology,Copiers,72.5,-21.65
2024-06-11,East,New York,Corporate,Standard Class,Technology,Accessories,402.79,116.95
2024-06-12,East,New York,Consumer,Standard Class,Office Supplies,Paper,479.27,116.79
2024-06-13,South,New York,Corporate,Standard Class,Office Supplies,Paper,456.75,-121.83
2024-06-14,South,New York,Home Office,First Class,Furniture,Tables,870.48,173.94
2024-06-15,West,Florida,Home Office,Same Day,Office Supplies,Binders,534.76,-13.54
2024-06-16,South,Washington,Home Office,Second Class,Office Supplies,Paper,473.3,-68.45
2024-06-17,Central,California,Corporate,Standard Class,Technology,Accessories,416.6,94.67
2024-06-18,Central,Texas,Consumer,Second Class,Office Supplies,Supplies,819.45,-149.14
2024-06-19,East,Florida,Consumer,Second Class,Technology,Copiers,896.11,240.5
2024-06-20,South,California,Consumer,Standard Class,Technology,Phones,854.71,-150.96
2024-06-21,West,Florida,Corporate,Same Day,Office Supplies,Supplies,676.81,46.17
2024-06-22,Central,Florida,Corporate,Standard Class,Furniture,Tables,145.99,-24.26
2024-06-23,Central,Texas,Corporate,Second Class,Furniture,Bookcases,284.1,7.78
2024-06-24,West,Washington,Corporate,Standard Class,Office Supplies,Binders,55.6,6.14
2024-06-25,West,New York,Corporate,Second Class,Furniture,Bookcases,931.52,-173.14
2024-06-26,Central,Washington,Consumer,Second Class,Technology,Copiers,664.19,8.32
2024-06-27,Central,Texas,Corporate,Standard Class,Technology,Phones,748.9,-13.9
2024-06-28,West,Texas,Corporate,First Class,Office Supplies,Binders,318.46,-81.96
2024-06-29,Central,Texas,Consumer,Standard Class,Furniture,Tables,847.2,161.8
2024-06-30,East,California,Corporate,First Class,Furniture,Bookcases,267.01,-26.32
2024-07-01,East,Washington,Consumer,Second Class,Technology,Accessories,11.63,0.52
2024-07-02,West,Washington,Consumer,Second Class,Office Supplies,Supplies,382.65,3.39
2024-07-03,South,Florida,Home Office,First Class,Furniture,Bookcases,575.05,4.58
2024-07-04,West,Florida,Home Office,Second Class,Office Supplies,Paper,483.92,-114.04
2024-07-05,West,Florida,Home Office,First Class,Furniture,Bookcases,863.46,-39.64
2024-07-06,South,Texas,Home Office,First Class,Technology,Copiers,114.35,-3.27
2024-07-07,South,Washington,Corporate,Second Class,Technology,Copiers,558.29,78.26
2024-07-08,South,Texas,Home Office,Same Day,Office Supplies,Binders,517.85,105.65
2024-07-09,East,California,Consumer,First Class,Technology,Accessories,288.58,7.79
2024-07-10,Central,Florida,Corporate,Standard Class,Furniture,Chairs,824.01,-204.3
2024-07-11,East,Texas,Home Office,Standard Class,Technology,Accessories,755.32,-119.26
2024-07-12,Central,Texas,Consumer,Second Class,Office Supplies,Paper,735.53,-147.87
2024-07-13,East,California,Corporate,Same Day,Office Supplies,Supplies,877.43,-197.62
2024-07-14,Central,New York,Corporate,Second Class,Office Supplies,Paper,725.56,-58.38
2024-07-15,East,Washington,Home Office,Same Day,Furniture,Chairs,239.52,-38.89
2024-07-16,South,New York,Corporate,First Class,Furniture,Chairs,708.51,-119.75
2024-07-17,West,Florida,Consumer,First Class,Furniture,Chairs,314.63,-84.06
2024-07-18,East,Texas,Corporate,First Class,Furniture,Tables,249.75,-72.28
2024-07-19,Central,California,Consumer,First Class,Furniture,Chairs,82.27,-19.61
2024-07-20,South,California,Corporate,Standard Class,Technology,Accessories,746.59,-146.84
2024-07-21,East,Washington,Home Office,Standard Class,Furniture,Chairs,713.89,-29.56
2024-07-22,East,New York,Consumer,Second Class,Furniture,Chairs,242.15,1.53
2024-07-23,South,Washington,Corporate,Same Day,Technology,Accessories,751.89,-162.14
2024-07-24,East,Texas,Corporate,First Class,Furniture,Chairs,918.66,-41.46
2024-07-25,West,Washington,Corporate,First Class,Office Supplies,Supplies,116.95,-11.1
2024-07-26,East,California,Consumer,Same Day,Furniture,Tables,240.31,-45.65
2024-07-27,West,California,Consumer,Same Day,Furniture,Tables,752.76,-222.74
2024-07-28,West,Florida,Consumer,Second Class,Office Supplies,Paper,281.76,-5.58
2024-07-29,South,Florida,Home Office,Same Day,Office Supplies,Supplies,628.42,70.0
2024-07-30,East,Texas,Home Office,First Class,Office Supplies,Paper,90.35,-14.84
2024-07-31,South,New York,Consumer,First Class,Office Supplies,Binders,457.68,-101.11
2024-08-01,East,Washington,Corporate,First Class,Furniture,Chairs,741.7,172.24
2024-08-02,East,Texas,Home Office,First Class,Office Supplies,Binders,689.65,-93.09
2024-08-03,Central,Florida,Consumer,First Class,Office Supplies,Paper,816.92,-135.47
2024-08-04,East,Washington,Corporate,Second Class,Technology,Phones,878.68,188.26
2024-08-05,South,Florida,Home Office,First Class,Office Supplies,Paper,775.45,147.54
2024-08-06,West,Washington,Corporate,Second Class,Office Supplies,Binders,674.87,-20.92
2024-08-07,East,New York,Corporate,First Class,Technology,Copiers,41.41,-0.27
2024-08-08,Central,Texas,Corporate,Standard Class,Technology,Copiers,539.62,-91.39
2024-08-09,South,Washington,Corporate,Standard Class,Furniture,Bookcases,47.32,-11.97
2024-08-10,East,California,Home Office,Standard Class,Technology,Copiers,809.99,35.69
2024-08-11,South,California,Home Office,Standard Class,Furniture,Tables,327.52,-78.93
2024-08-12,Central,Washington,Home Office,Second Class,Technology,Phones,566.81,-17.25
2024-08-13,Central,Washington,Consumer,Second Class,Technology,Copiers,286.65,75.76
2024-08-14,South,Washington,Home Office,Same Day,Furniture,Tables,784.68,213.2
2024-08-15,East,California,Corporate,First Class,Technology,Copiers,887.64,-138.83
2024-08-16,West,California,Home Office,Standard Class,Furniture,Bookcases,404.66,30.13
2024-08-17,Central,Washington,Corporate,Second Class,Technology,Accessories,864.29,-13.44
2024-08-18,East,Florida,Consumer,First Class,Office Supplies,Paper,274.4,61.85
2024-08-19,East,Florida,Corporate,First Class,Technology,Phones,539.31,-73.96
2024-08-20,West,New York,Corporate,Second Class,Furniture,Chairs,860.17,-256.14
2024-08-21,Central,Texas,Corporate,Standard Class,Technology,Copiers,332.62,-67.34
2024-08-22,Central,Florida,Consumer,Same Day,Furniture,Bookcases,954.5,-86.18
2024-08-23,East,California,Home Office,First Class,Furniture,Chairs,130.66,-14.45
2024-08-24,East,Florida,Home Office,Same Day,Office Supplies,Binders,28.09,4.91
2024-08-25,West,New York,Consumer,Standard Class,Office Supplies,Paper,905.09,98.05
2024-08-26,West,New York,Corporate,Standard Class,Furniture,Chairs,77.96,-9.38
2024-08-27,Central,Texas,Home Office,Same Day,Technology,Phones,991.97,-25.15
2024-08-28,South,Florida,Consumer,Standard Class,Furniture,Bookcases,951.88,-230.99
2024-08-29,Central,California,Home Office,First Class,Furniture,Chairs,145.65,34.79
2024-08-30,East,California,Consumer,Same Day,Technology,Copiers,542.21,141.66
2024-08-31,Central,Washington,Corporate,Standard Class,Technology,Phones,193.07,55.58
2024-09-01,South,California,Home Office,Same Day,Technology,Accessories,433.87,95.94
2024-09-02,West,Texas,Consumer,First Class,Technology,Phones,70.81,-13.85
2024-09-03,South,Texas,Home Office,Standard Class,Furniture,Chairs,231.69,-63.09
2024-09-04,South,California,Home Office,First Class,Furniture,Chairs,369.64,17.65
2024-09-05,South,California,Home Office,Standard Class,Office Supplies,Supplies,444.26,109.98
2024-09-06,West,Washington,Home Office,Second Class,Furniture,Tables,977.72,-189.28
2024-09-07,South,California,Consumer,Standard Class,Technology,Phones,809.79,-239.52
2024-09-08,South,Washington,Corporate,Same Day,Office Supplies,Supplies,740.04,135.65
2024-09-09,South,Washington,Consumer,Standard Class,Technology,Accessories,541.67,-137.54
2024-09-10,East,California,Consumer,First Class,Furniture,Bookcases,841.6,-43.58
2024-09-11,South,New York,Consumer,First Class,Office Supplies,Supplies,345.93,37.13
2024-09-12,West,New York,Corporate,Standard Class,Technology,Accessories,711.81,-112.41
2024-09-13,South,Washington,Home Office,Same Day,Office Supplies,Binders,993.85,-248.09
2024-09-14,South,California,Home Office,Second Class,Office Supplies,Supplies,321.48,52.08
2024-09-15,West,New York,Home Office,Same Day,Furniture,Bookcases,677.28,52.9
2024-09-16,South,California,Corporate,Second Class,Technology,Phones,845.87,247.92
2024-09-17,West,California,Home Office,First Class,Office Supplies,Binders,916.65,-85.63
2024-09-18,South,California,Corporate,Same Day,Office Supplies,Paper,720.75,-189.52
2024-09-19,West,Florida,Home Office,Second Class,Technology,Accessories,290.77,40.89
2024-09-20,South,California,Home Office,Standard Class,Office Supplies,Paper,333.02,4.34
2024-09-21,South,Florida,Consumer,First Class,Office Supplies,Binders,30.55,-5.26
2024-09-22,East,Washington,Corporate,Standard Class,Office Supplies,Supplies,763.28,129.02
2024-09-23,East,New York,Consumer,First Class,Technology,Copiers,52.31,-9.3
2024-09-24,South,New York,Consumer,Same Day,Technology,Accessories,866.01,-124.36
2024-09-25,South,New York,Consumer,Same Day,Technology,Phones,127.47,-31.16
2024-09-26,Central,New York,Corporate,First Class,Technology,Copiers,180.16,-10.87
